condition,arch,task,joint,rho,wd,seed,grok_step,non_grokking,steps_run,cap,t_half_test_acc,t_switch_rule_or_rulex,mech_metric,t_half_mech,t_half_mech_corrected,mech_window_start,t_train_mem_reg,t_gen_persist,W_mem_to_gen_reg,t_half_mech_finalmode,mech_mode_stable,mech_final_mode,t_half_mech_use,regime_seq,switch_rel_grok,peak_overreg,t_peak_overreg,t_exc_memorized,acc_exc_at_grok,mem_to_grok_ratio,final_acc_exc,final_overreg
kimi_add_rho0.02_wd0.1_tiersNone,kimi,add,False,0.02,0.1,1000,,True,20000,20000,18225.451503223157,17500.0,fourier_conc_final_eq,7579.659283904146,7579.659283904146,,775.0,,,7791.54343417011,True,11.0,7579.659283904146,uniform>gcm>rulex,,0.0045045045045045,1.0,525.0,,,1.0,0.0
kimi_add_rho0.02_wd0.1_tiersNone,kimi,add,False,0.02,0.1,1001,11750.0,False,20000,20000,9451.371392478944,7000.0,fourier_conc_final_eq,2548.6845160579496,2548.6845160579496,,725.0,11925.0,11200.0,,False,14.0,2548.6845160579496,uniform>gcm>rulex,0.5957446808510638,0.009009009009009,25.0,525.0,1.0,0.04468085106382979,1.0,0.0
kimi_add_rho0.02_wd0.1_tiersNone,kimi,add,False,0.02,0.1,1002,9125.0,False,20000,20000,7507.766678605929,6250.0,fourier_conc_final_eq,2194.1712991333197,2194.1712991333197,,750.0,9125.0,8375.0,2323.112070869615,True,8.0,2194.1712991333197,uniform>gcm>rulex,0.684931506849315,0.0135135135135135,1.0,500.0,1.0,0.0547945205479452,0.9954954954954957,0.0
kimi_add_rho0.02_wd0.3_tiersNone,kimi,add,False,0.02,0.3,1000,6400.0,False,20000,20000,5708.64272526207,5000.0,fourier_conc_final_eq,3512.939426292114,3512.939426292114,,800.0,6400.0,5600.0,,False,16.0,3512.939426292114,uniform>gcm>rulex,0.78125,0.0315315315315315,7750.0,575.0,0.9864864864864864,0.08984375,0.990990990990991,0.0
kimi_add_rho0.02_wd0.3_tiersNone,kimi,add,False,0.02,0.3,1001,6650.0,False,20000,20000,5929.371960575901,5500.0,fourier_conc_final_eq,3320.897454543707,3320.897454543707,,775.0,6650.0,5875.0,5000.0,False,30.0,3320.897454543707,uniform>gcm>rulex,0.8270676691729323,0.027027027027027,8925.0,525.0,0.9954954954954957,0.07894736842105263,1.0,0.0
kimi_add_rho0.02_wd0.3_tiersNone,kimi,add,False,0.02,0.3,1002,4350.0,False,20000,20000,3563.5280914337714,3000.0,fourier_conc_final_eq,954.8773048508727,954.8773048508727,,775.0,4350.0,3575.0,,False,56.0,954.8773048508727,uniform>gcm>rulex,0.6896551724137931,0.036036036036036,5350.0,525.0,0.990990990990991,0.1206896551724138,1.0,0.0
kimi_add_rho0.05_wd0.1_tiersNone,kimi,add,False,0.05,0.1,1000,17400.0,False,20000,20000,14287.99454061768,12000.0,fourier_conc_final_eq,7487.160115523944,7487.160115523944,,725.0,17650.0,16925.0,7584.329547413721,True,54.0,7487.160115523944,uniform>gcm>rulex,0.6896551724137931,0.009009009009009,50.0,575.0,0.9963963963963964,0.033045977011494254,1.0,0.0
kimi_add_rho0.05_wd0.1_tiersNone,kimi,add,False,0.05,0.1,1001,,True,20000,20000,16465.519725415263,13500.0,fourier_conc_final_eq,5363.395944202491,5363.395944202491,,750.0,,,5455.622341800551,True,64.0,5363.395944202491,uniform>gcm>rulex,,0.0072072072072072,1.0,550.0,,,1.0,0.0
kimi_add_rho0.05_wd0.1_tiersNone,kimi,add,False,0.05,0.1,1002,19650.0,False,20000,20000,13880.243910266374,9750.0,fourier_conc_final_eq,2025.6035968343558,2025.6035968343558,,700.0,,,2081.9515183282015,True,38.0,2025.6035968343558,gcm>rulex,0.4961832061068702,0.009009009009009,1.0,525.0,0.9981981981981982,0.026717557251908396,1.0,0.0
kimi_add_rho0.05_wd0.3_tiersNone,kimi,add,False,0.05,0.3,1000,9725.0,False,20000,20000,7824.009959750875,6500.0,fourier_conc_final_eq,4254.476144716729,4254.476144716729,,825.0,9725.0,8900.0,7200.0,False,62.0,4254.476144716729,uniform>gcm>rulex,0.6683804627249358,0.0162162162162162,19650.0,575.0,0.9981981981981982,0.05912596401028278,0.9945945945945946,0.0054054054054054
kimi_add_rho0.05_wd0.3_tiersNone,kimi,add,False,0.05,0.3,1001,8125.0,False,20000,20000,6377.27535994365,5250.0,fourier_conc_final_eq,2611.2787990980864,2611.2787990980864,,800.0,8125.0,7325.0,2709.719705356268,True,44.0,2611.2787990980864,uniform>gcm>rulex,0.6461538461538462,0.0162162162162162,10400.0,550.0,0.9981981981981982,0.06769230769230769,0.9963963963963964,0.0036036036036036
kimi_add_rho0.05_wd0.3_tiersNone,kimi,add,False,0.05,0.3,1002,8700.0,False,20000,20000,6303.48981118281,5500.0,fourier_conc_final_eq,3387.6070144829487,3387.6070144829487,,750.0,8775.0,8025.0,,False,12.0,3387.6070144829487,gcm>rulex,0.632183908045977,0.0108108108108108,17175.0,550.0,0.9981981981981982,0.06321839080459771,0.9963963963963964,0.0036036036036036
kimi_add_rho0_wd0.1_tiersNone,kimi,add,False,0.0,0.1,1000,6500.0,False,7500,20000,5221.117143437723,4000.0,fourier_conc_final_eq,1148.0190302593608,1148.0190302593608,,725.0,6500.0,5775.0,722.8416147400482,False,58.0,1148.0190302593608,uniform>gcm>rule,0.6153846153846154,,,,,,,
kimi_add_rho0_wd0.1_tiersNone,kimi,add,False,0.0,0.1,1001,5225.0,False,6225,20000,4554.464373012565,3500.0,fourier_conc_final_eq,1354.0331836040214,1354.0331836040214,,725.0,5225.0,4500.0,1457.993556346605,True,59.0,1354.0331836040214,uniform>gcm>rule,0.6698564593301436,,,,,,,
kimi_add_rho0_wd0.1_tiersNone,kimi,add,False,0.0,0.1,1002,7225.0,False,8225,20000,5784.550501329755,4250.0,fourier_conc_final_eq,1372.317490863868,1372.317490863868,,725.0,7225.0,6500.0,,False,71.0,1372.317490863868,uniform>gcm>rule,0.5882352941176471,,,,,,,
kimi_add_rho0_wd0.3_tiersNone,kimi,add,False,0.0,0.3,1000,3625.0,False,4625,20000,3207.758879209783,2750.0,fourier_conc_final_eq,1094.0201251073097,1094.0201251073097,,800.0,3625.0,2825.0,,False,58.0,1094.0201251073097,uniform>gcm>rule,0.7586206896551724,,,,,,,
kimi_add_rho0_wd0.3_tiersNone,kimi,add,False,0.0,0.3,1001,3250.0,False,4250,20000,3000.1766893919435,2750.0,fourier_conc_final_eq,1065.9110131354028,1065.9110131354028,,775.0,3250.0,2475.0,1065.682369900672,True,32.0,1065.9110131354028,uniform>gcm>rule,0.8461538461538461,,,,,,,
kimi_add_rho0_wd0.3_tiersNone,kimi,add,False,0.0,0.3,1002,3400.0,False,4400,20000,3027.522292487002,2750.0,fourier_conc_final_eq,1004.5966178205749,1004.5966178205749,,750.0,3400.0,2650.0,,False,67.0,1004.5966178205749,uniform>gcm>rule,0.8088235294117647,,,,,,,
kimi_div_rho0.02_wd0.1_tiersNone,kimi,div,False,0.02,0.1,1000,7550.0,False,20000,20000,5807.196179458566,4250.0,fourier_conc_final_eq,667.3954297587856,667.3954297587856,,725.0,7550.0,6825.0,,False,74.0,667.3954297587856,uniform>gcm>rulex,0.5629139072847682,0.0135746606334841,25.0,575.0,0.995475113122172,0.076158940397351,1.0,0.0
kimi_div_rho0.02_wd0.1_tiersNone,kimi,div,False,0.02,0.1,1001,7025.0,False,20000,20000,4969.505340663591,4000.0,fourier_conc_final_eq,947.0678560791036,947.0678560791036,,725.0,7100.0,6375.0,975.256641084318,True,12.0,947.0678560791036,uniform>gcm>rulex,0.5693950177935944,0.0180995475113122,25.0,550.0,0.995475113122172,0.07829181494661921,1.0,0.0
kimi_div_rho0.02_wd0.1_tiersNone,kimi,div,False,0.02,0.1,1002,4600.0,False,20000,20000,3399.547099394452,2500.0,fourier_conc_final_eq,381.11598366862427,381.11598366862427,,725.0,4600.0,3875.0,3400.0,False,27.0,381.11598366862427,gcm>rulex,0.5434782608695652,0.0135746606334841,1.0,575.0,0.995475113122172,0.125,1.0,0.0
kimi_div_rho0_wd0.1_tiersNone,kimi,div,False,0.0,0.1,1000,6050.0,False,7050,20000,5293.808441027247,4500.0,fourier_conc_final_eq,592.8198734738706,592.8198734738706,,700.0,6050.0,5350.0,1029.9922136656598,False,14.0,592.8198734738706,uniform>gcm>rule,0.743801652892562,,,,,,,
kimi_div_rho0_wd0.1_tiersNone,kimi,div,False,0.0,0.1,1001,8275.0,False,9275,20000,6132.084248815428,4250.0,fourier_conc_final_eq,980.3610068403352,980.3610068403352,,725.0,8275.0,7550.0,,False,15.0,980.3610068403352,uniform>gcm>rule,0.513595166163142,,,,,,,
kimi_div_rho0_wd0.1_tiersNone,kimi,div,False,0.0,0.1,1002,8675.0,False,9675,20000,7591.684939879957,6000.0,fourier_conc_final_eq,3058.159757509347,3058.159757509347,,725.0,8675.0,7950.0,,False,74.0,3058.159757509347,gcm>rule,0.69164265129683,,,,,,,
kimi_joint_rho0_wd0.3_tiersNone,kimi,add,True,0.0,0.3,1000,13675.0,False,14675,30000,12469.995987157943,12900.0,fourier_conc_final_eq,172.91770745816413,750.0,550.0,12900.0,13675.0,775.0,12475.0,False,5.0,172.91770745816413,uniform>gcm>rule,0.943327239488117,,,,,,,
kimi_joint_rho0_wd0.3_tiersNone,kimi,div,True,0.0,0.3,1000,11900.0,False,14675,30000,11152.237300768886,9700.0,fourier_conc_final_eq,6261.123552951255,6261.123552951255,,5475.0,11900.0,6425.0,12475.0,False,74.0,6261.123552951255,uniform>gcm>rule,0.8151260504201681,,,,,,,
kimi_joint_rho0_wd0.3_tiersNone,kimi,max,True,0.0,0.3,1000,275.0,False,14675,30000,39.68824934327021,75.0,linear_corr_final_eq,76.300257152644,76.300257152644,,450.0,275.0,-175.0,,True,,76.300257152644,uniform>gcm>rule,0.2727272727272727,,,,,,,
kimi_joint_rho0_wd0.3_tiersNone,kimi,add,True,0.0,0.3,1001,17650.0,False,18650,30000,16005.633847028314,16850.0,fourier_conc_final_eq,156.50170434824378,750.0,550.0,13750.0,17650.0,3900.0,15950.0,False,6.0,156.50170434824378,uniform>gcm>rule,0.9546742209631728,,,,,,,
kimi_joint_rho0_wd0.3_tiersNone,kimi,div,True,0.0,0.3,1001,17125.0,False,18650,30000,15384.262504122249,13075.0,fourier_conc_final_eq,7691.251835452164,7691.251835452164,,7325.0,17125.0,9800.0,,False,19.0,7691.251835452164,uniform>gcm>rule,0.7635036496350365,,,,,,,
kimi_joint_rho0_wd0.3_tiersNone,kimi,max,True,0.0,0.3,1001,275.0,False,18650,30000,34.49550289086798,75.0,linear_corr_final_eq,68.24965343008927,68.24965343008927,,525.0,275.0,-250.0,,True,,68.24965343008927,uniform>gcm>rule,0.2727272727272727,,,,,,,
kimi_joint_rho0_wd0.3_tiersNone,kimi,add,True,0.0,0.3,1002,8125.0,False,9125,30000,7229.368768519147,7525.0,fourier_conc_final_eq,173.4414679991198,750.0,550.0,7825.0,8125.0,300.0,,False,5.0,173.4414679991198,uniform>gcm>rule,0.9261538461538461,,,,,,,
kimi_joint_rho0_wd0.3_tiersNone,kimi,div,True,0.0,0.3,1002,6025.0,False,9125,30000,5738.360575200046,4925.0,fourier_conc_final_eq,1186.7464519360328,1186.7464519360328,,4525.0,6025.0,1500.0,,False,19.0,1186.7464519360328,gcm>rule,0.8174273858921162,,,,,,,
kimi_joint_rho0_wd0.3_tiersNone,kimi,max,True,0.0,0.3,1002,275.0,False,9125,30000,38.578064270968085,75.0,linear_corr_final_eq,67.29283687684612,67.29283687684612,,525.0,275.0,-250.0,,True,,67.29283687684612,uniform>gcm>rule,0.2727272727272727,,,,,,,
kimi_max_rho0.02_wd0.1_tiersNone,kimi,max,False,0.02,0.1,1000,175.0,False,2175,20000,13.911802584562338,50.0,linear_corr_final_eq,31.722664343639245,31.722664343639245,,250.0,175.0,-75.0,,True,,31.722664343639245,rule>gcm>rule>rulex,0.2857142857142857,0.9009009009009008,75.0,1050.0,0.1756756756756756,6.0,1.0,0.0
kimi_max_rho0.02_wd0.1_tiersNone,kimi,max,False,0.02,0.1,1001,125.0,False,2125,20000,12.876822165420968,50.0,linear_corr_final_eq,35.35533905932737,35.35533905932737,,175.0,125.0,-50.0,,True,,35.35533905932737,uniform>gcm>rule>rulex,0.4,0.9144144144144144,50.0,1025.0,0.063063063063063,8.2,0.9954954954954957,0.0045045045045045
kimi_max_rho0.02_wd0.1_tiersNone,kimi,max,False,0.02,0.1,1002,125.0,False,2125,20000,12.953162026584408,50.0,linear_corr_final_eq,35.275200235697795,35.275200235697795,,200.0,125.0,-75.0,,True,,35.275200235697795,uniform>gcm>rule>rulex,0.4,0.945945945945946,75.0,1025.0,0.0855855855855855,8.2,0.9774774774774776,0.0225225225225225
kimi_max_rho0_wd0.1_tiersNone,kimi,max,False,0.0,0.1,1000,125.0,False,1125,20000,12.067716795547724,50.0,linear_corr_final_eq,31.655958348374977,31.655958348374977,,200.0,125.0,-75.0,,True,,31.655958348374977,uniform>gcm>rule,0.4,,,,,,,
kimi_max_rho0_wd0.1_tiersNone,kimi,max,False,0.0,0.1,1001,125.0,False,1125,20000,11.885537720972982,50.0,linear_corr_final_eq,35.35533905932737,35.35533905932737,,200.0,125.0,-75.0,,True,,35.35533905932737,uniform>gcm>rule,0.4,,,,,,,
kimi_max_rho0_wd0.1_tiersNone,kimi,max,False,0.0,0.1,1002,150.0,False,1150,20000,11.473367262835977,50.0,linear_corr_final_eq,35.35533905932737,35.35533905932737,,150.0,150.0,0.0,,True,,35.35533905932737,uniform>gcm>rule,0.3333333333333333,,,,,,,
mamba_add_rho0.02_wd0.1_tiersNone,mamba,add,False,0.02,0.1,1000,450.0,False,4500,20000,300.7951764855586,250.0,fourier_conc_final_eq,133.85509697365583,133.85509697365583,,350.0,450.0,100.0,,False,71.0,133.85509697365583,gcm>rulex,0.5555555555555556,0.1486486486486486,350.0,725.0,0.8513513513513513,1.6111111111111112,1.0,0.0
mamba_add_rho0.02_wd0.1_tiersNone,mamba,add,False,0.02,0.1,1001,650.0,False,6500,20000,481.449902460407,425.0,fourier_conc_final_eq,309.4904945512829,309.4904945512829,,450.0,650.0,200.0,223.60679774997897,False,23.0,309.4904945512829,gcm>rulex,0.6538461538461539,0.0990990990990991,500.0,825.0,0.9234234234234234,1.2692307692307692,1.0,0.0
mamba_add_rho0.02_wd0.1_tiersNone,mamba,add,False,0.02,0.1,1002,475.0,False,4750,20000,372.1208867349988,325.0,fourier_conc_final_eq,164.4598147848536,164.4598147848536,,375.0,475.0,100.0,,False,61.0,164.4598147848536,uniform>gcm>rulex,0.6842105263157895,0.1666666666666666,450.0,725.0,0.8648648648648649,1.5263157894736843,1.0,0.0
mamba_add_rho0.02_wd0.3_tiersNone,mamba,add,False,0.02,0.3,1000,350.0,False,3500,20000,269.9576636811199,250.0,fourier_conc_final_eq,131.3251052276649,131.3251052276649,,300.0,350.0,50.0,,False,73.0,131.3251052276649,gcm>rulex,0.7142857142857143,0.3333333333333333,300.0,775.0,0.6396396396396397,2.2142857142857144,0.9954954954954957,0.0045045045045045
mamba_add_rho0.02_wd0.3_tiersNone,mamba,add,False,0.02,0.3,1001,600.0,False,6000,20000,458.4272466362482,400.0,fourier_conc_final_eq,283.3320179331995,283.3320179331995,,425.0,600.0,175.0,575.0,False,23.0,283.3320179331995,gcm>rulex,0.6666666666666666,0.09009009009009,500.0,900.0,0.90990990990991,1.5,1.0,0.0
mamba_add_rho0.02_wd0.3_tiersNone,mamba,add,False,0.02,0.3,1002,475.0,False,4750,20000,369.8585661132091,325.0,fourier_conc_final_eq,188.9373573776762,188.9373573776762,,375.0,475.0,100.0,,False,6.0,188.9373573776762,uniform>gcm>rulex,0.6842105263157895,0.1666666666666666,425.0,800.0,0.8153153153153153,1.6842105263157894,0.9954954954954957,0.0045045045045045
mamba_add_rho0.05_wd0.1_tiersNone,mamba,add,False,0.05,0.1,1000,525.0,False,5250,20000,304.10367245752644,250.0,fourier_conc_final_eq,149.73723673969542,149.73723673969542,,325.0,525.0,200.0,,False,39.0,149.73723673969542,gcm>rulex,0.47619047619047616,0.1693693693693693,325.0,675.0,0.90990990990991,1.2857142857142858,0.9981981981981982,0.0018018018018018
mamba_add_rho0.05_wd0.1_tiersNone,mamba,add,False,0.05,0.1,1001,1250.0,False,12500,20000,641.1108134647584,525.0,fourier_conc_final_eq,313.58936014084793,313.58936014084793,,475.0,1325.0,850.0,550.0,False,69.0,313.58936014084793,gcm>rulex,0.42,0.0288288288288288,575.0,725.0,0.9855855855855856,0.58,0.9981981981981982,0.0018018018018018
mamba_add_rho0.05_wd0.1_tiersNone,mamba,add,False,0.05,0.1,1002,1125.0,False,11250,20000,657.042844413315,550.0,fourier_conc_final_eq,319.4731110129213,319.4731110129213,,475.0,1125.0,650.0,6000.0,False,27.0,319.4731110129213,gcm>rulex,0.4888888888888889,0.036036036036036,750.0,700.0,0.9801801801801802,0.6222222222222222,1.0,0.0
mamba_add_rho0.05_wd0.3_tiersNone,mamba,add,False,0.05,0.3,1000,525.0,False,5250,20000,315.6131444099072,275.0,fourier_conc_final_eq,153.14533574712928,153.14533574712928,,325.0,525.0,200.0,,False,26.0,153.14533574712928,gcm>rulex,0.5238095238095238,0.1675675675675675,350.0,700.0,0.9081081081081082,1.3333333333333333,0.9945945945945946,0.0036036036036036
mamba_add_rho0.05_wd0.3_tiersNone,mamba,add,False,0.05,0.3,1001,1050.0,False,10500,20000,672.598644744872,525.0,fourier_conc_final_eq,329.483901592917,329.483901592917,,525.0,1050.0,525.0,500.0,False,68.0,329.483901592917,gcm>rulex,0.5,0.054054054054054,750.0,800.0,0.9783783783783784,0.7619047619047619,0.9981981981981982,0.0018018018018018
mamba_add_rho0.05_wd0.3_tiersNone,mamba,add,False,0.05,0.3,1002,1225.0,False,12250,20000,485.15309691631836,350.0,fourier_conc_final_eq,156.55462424232968,156.55462424232968,,425.0,1375.0,950.0,273.8612787525831,True,8.0,156.55462424232968,gcm>rulex,0.2857142857142857,0.0936936936936937,325.0,775.0,0.9855855855855856,0.6326530612244898,0.9981981981981982,0.0
mamba_add_rho0_wd0.1_tiersNone,mamba,add,False,0.0,0.1,1000,425.0,False,1425,20000,348.11502058220196,300.0,fourier_conc_final_eq,169.05519449345638,169.05519449345638,,350.0,425.0,75.0,174.92728232196083,True,70.0,169.05519449345638,gcm>rule,0.7058823529411765,,,,,,,
mamba_add_rho0_wd0.1_tiersNone,mamba,add,False,0.0,0.1,1001,525.0,False,1525,20000,455.4872922241301,425.0,fourier_conc_final_eq,305.45405877495597,305.45405877495597,,425.0,525.0,100.0,,False,62.0,305.45405877495597,gcm>rule,0.8095238095238095,,,,,,,
mamba_add_rho0_wd0.1_tiersNone,mamba,add,False,0.0,0.1,1002,425.0,False,1425,20000,355.0675170331564,300.0,fourier_conc_final_eq,153.043171112012,153.043171112012,,375.0,425.0,50.0,158.11388300841895,True,35.0,153.043171112012,gcm>rule,0.7058823529411765,,,,,,,
mamba_add_rho0_wd0.3_tiersNone,mamba,add,False,0.0,0.3,1000,350.0,False,1350,20000,298.4029556271109,325.0,fourier_conc_final_eq,152.59250237688477,152.59250237688477,,325.0,350.0,25.0,325.0,False,70.0,152.59250237688477,gcm>rule,0.9285714285714286,,,,,,,
mamba_add_rho0_wd0.3_tiersNone,mamba,add,False,0.0,0.3,1001,400.0,False,1400,20000,345.30445627597663,325.0,fourier_conc_final_eq,185.3801764001689,185.3801764001689,,350.0,400.0,50.0,165.33080091312084,True,43.0,185.3801764001689,gcm>rule,0.8125,,,,,,,
mamba_add_rho0_wd0.3_tiersNone,mamba,add,False,0.0,0.3,1002,400.0,False,1400,20000,352.3152600886796,300.0,fourier_conc_final_eq,153.42044743381805,153.42044743381805,,375.0,400.0,25.0,,False,20.0,153.42044743381805,gcm>rule,0.75,,,,,,,
mamba_div_rho0.02_wd0.1_tiersNone,mamba,div,False,0.02,0.1,1000,1700.0,False,17000,20000,1022.5393893986285,800.0,fourier_conc_final_eq,264.86497601679486,264.86497601679486,,575.0,1700.0,1125.0,353.5533905932737,True,2.0,264.86497601679486,gcm>rulex,0.47058823529411764,0.0226244343891402,1225.0,625.0,0.986425339366516,0.36764705882352944,1.0,0.0
mamba_div_rho0.02_wd0.1_tiersNone,mamba,div,False,0.02,0.1,1001,550.0,False,5500,20000,437.2243287230512,400.0,fourier_conc_final_eq,152.68167897849906,152.68167897849906,,425.0,550.0,125.0,,False,45.0,152.68167897849906,gcm>rulex,0.7272727272727273,0.1402714932126696,500.0,625.0,0.9004524886877828,1.1363636363636365,0.995475113122172,0.004524886877828
mamba_div_rho0.02_wd0.1_tiersNone,mamba,div,False,0.02,0.1,1002,525.0,False,5250,20000,402.36834644409123,350.0,fourier_conc_final_eq,154.11017142565098,154.11017142565098,,400.0,525.0,125.0,,False,52.0,154.11017142565098,gcm>rulex,0.6666666666666666,0.1493212669683258,475.0,675.0,0.8778280542986425,1.2857142857142858,1.0,0.0
mamba_div_rho0_wd0.1_tiersNone,mamba,div,False,0.0,0.1,1000,450.0,False,1450,20000,378.2701210792356,350.0,fourier_conc_final_eq,237.34034004104328,237.34034004104328,,375.0,450.0,75.0,,True,31.0,237.34034004104328,gcm>rule,0.7777777777777778,,,,,,,
mamba_div_rho0_wd0.1_tiersNone,mamba,div,False,0.0,0.1,1001,400.0,False,1400,20000,343.8366351146494,300.0,fourier_conc_final_eq,153.13981272119568,153.13981272119568,,350.0,400.0,50.0,,False,30.0,153.13981272119568,gcm>rule,0.75,,,,,,,
mamba_div_rho0_wd0.1_tiersNone,mamba,div,False,0.0,0.1,1002,375.0,False,1375,20000,329.4222987765863,300.0,fourier_conc_final_eq,155.26542595768825,155.26542595768825,,350.0,375.0,25.0,,False,65.0,155.26542595768825,gcm>rule,0.8,,,,,,,
mamba_joint_rho0_wd0.3_tiersNone,mamba,add,True,0.0,0.3,1000,6225.0,False,7225,30000,5443.044021883659,5525.0,fourier_conc_final_eq,132.31873986306184,,500.0,5125.0,6225.0,1100.0,,False,74.0,132.31873986306184,gcm>rule,0.8875502008032129,,,,,,,
mamba_joint_rho0_wd0.3_tiersNone,mamba,div,True,0.0,0.3,1000,2675.0,False,7225,30000,1889.245155031566,1475.0,fourier_conc_final_eq,833.3872180940358,833.3872180940358,,1750.0,2675.0,925.0,2500.0,False,5.0,833.3872180940358,uniform>gcm>rule,0.5514018691588785,,,,,,,
mamba_joint_rho0_wd0.3_tiersNone,mamba,max,True,0.0,0.3,1000,200.0,False,7225,30000,9.47288963593725,50.0,linear_corr_final_eq,36.00852904767162,36.00852904767162,,325.0,200.0,-125.0,,True,,36.00852904767162,uniform>gcm>rule,0.25,,,,,,,
mamba_joint_rho0_wd0.3_tiersNone,mamba,add,True,0.0,0.3,1001,5550.0,False,6550,30000,4844.525675910381,4975.0,fourier_conc_final_eq,63.32378410439033,,500.0,4650.0,5550.0,900.0,,False,10.0,63.32378410439033,gcm>rule,0.8963963963963963,,,,,,,
mamba_joint_rho0_wd0.3_tiersNone,mamba,div,True,0.0,0.3,1001,2200.0,False,6550,30000,1633.3394274701238,1400.0,fourier_conc_final_eq,855.53110087996,855.53110087996,,1625.0,2200.0,575.0,926.1046817501212,False,7.0,855.53110087996,uniform>gcm>rule,0.6363636363636364,,,,,,,
mamba_joint_rho0_wd0.3_tiersNone,mamba,max,True,0.0,0.3,1001,150.0,False,6550,30000,7.715261453936318,50.0,linear_corr_final_eq,39.24374035431621,39.24374035431621,,300.0,150.0,-150.0,,True,,39.24374035431621,uniform>gcm>rule,0.3333333333333333,,,,,,,
mamba_joint_rho0_wd0.3_tiersNone,mamba,add,True,0.0,0.3,1002,4375.0,False,5375,30000,3741.4784226639804,3750.0,fourier_conc_final_eq,113.03999378588128,,500.0,3625.0,4375.0,750.0,,False,2.0,113.03999378588128,gcm>uniform>gcm>rule,0.8571428571428571,,,,,,,
mamba_joint_rho0_wd0.3_tiersNone,mamba,div,True,0.0,0.3,1002,2900.0,False,5375,30000,2389.681835267459,1775.0,fourier_conc_final_eq,1223.5933570898435,1223.5933570898435,,2300.0,2900.0,600.0,2000.0,False,4.0,1223.5933570898435,gcm>rule>gcm>rule,0.6120689655172413,,,,,,,
mamba_joint_rho0_wd0.3_tiersNone,mamba,max,True,0.0,0.3,1002,175.0,False,5375,30000,8.857733730450294,50.0,linear_corr_final_eq,37.10227637075326,37.10227637075326,,400.0,175.0,-225.0,,True,,37.10227637075326,rule>gcm>rule,0.2857142857142857,,,,,,,
mamba_max_rho0.02_wd0.1_tiersNone,mamba,max,False,0.02,0.1,1000,75.0,False,2075,20000,5.640117068086257,1.0,linear_corr_final_eq,5.130817611117304,5.130817611117304,,150.0,75.0,-75.0,,True,,5.130817611117304,rule>rulex,0.013333333333333334,0.9144144144144144,25.0,575.0,0.0225225225225225,7.666666666666667,0.9864864864864864,0.0135135135135135
mamba_max_rho0.02_wd0.1_tiersNone,mamba,max,False,0.02,0.1,1001,50.0,False,2050,20000,5.502994488085594,1.0,linear_corr_final_eq,5.000000000000002,5.000000000000002,,125.0,50.0,-75.0,,True,,5.000000000000002,rule>rulex,0.02,0.9414414414414416,25.0,600.0,0.0135135135135135,12.0,0.981981981981982,0.0135135135135135
mamba_max_rho0.02_wd0.1_tiersNone,mamba,max,False,0.02,0.1,1002,75.0,False,2075,20000,5.543223875752394,25.0,linear_corr_final_eq,5.000000000000002,5.000000000000002,,125.0,75.0,-50.0,,True,,5.000000000000002,gcm>rule>rulex,0.3333333333333333,0.945945945945946,50.0,600.0,0.0405405405405405,8.0,0.9864864864864864,0.009009009009009
mamba_max_rho0_wd0.1_tiersNone,mamba,max,False,0.0,0.1,1000,50.0,False,1050,20000,5.627901073045436,25.0,linear_corr_final_eq,5.949759641869421,5.949759641869421,,125.0,50.0,-75.0,,True,,5.949759641869421,gcm>rule,0.5,,,,,,,
mamba_max_rho0_wd0.1_tiersNone,mamba,max,False,0.0,0.1,1001,75.0,False,1075,20000,5.542640769236671,25.0,linear_corr_final_eq,5.000000000000001,5.000000000000001,,125.0,75.0,-50.0,,True,,5.000000000000001,gcm>rule,0.3333333333333333,,,,,,,
mamba_max_rho0_wd0.1_tiersNone,mamba,max,False,0.0,0.1,1002,75.0,False,1075,20000,5.568858163396671,25.0,linear_corr_final_eq,5.000000000000001,5.000000000000001,,100.0,75.0,-25.0,,True,,5.000000000000001,gcm>rule,0.3333333333333333,,,,,,,
transformer_add_rho0.02_wd0.1_tiersNone,transformer,add,False,0.02,0.1,1000,375.0,False,3750,20000,312.4854194384382,225.0,fourier_conc_final_eq,151.10725445400627,151.10725445400627,,350.0,375.0,25.0,500.0,False,50.0,151.10725445400627,uniform>gcm>rulex,0.6,0.6621621621621622,375.0,2200.0,0.2837837837837837,5.866666666666666,0.972972972972973,0.018018018018018
transformer_add_rho0.02_wd0.1_tiersNone,transformer,add,False,0.02,0.1,1001,425.0,False,4250,20000,328.36010560954446,175.0,fourier_conc_final_eq,132.31751094885067,132.31751094885067,,375.0,425.0,50.0,425.0,False,14.0,132.31751094885067,uniform>gcm>rulex,0.4117647058823529,0.6351351351351351,400.0,2400.0,0.3468468468468468,5.647058823529412,0.972972972972973,0.018018018018018
transformer_add_rho0.02_wd0.1_tiersNone,transformer,add,False,0.02,0.1,1002,300.0,False,3000,20000,236.13012810817273,175.0,fourier_conc_final_eq,136.9846249000451,136.9846249000451,,300.0,300.0,0.0,22.360679774997894,False,72.0,136.9846249000451,gcm>rulex,0.5833333333333334,0.8693693693693694,325.0,3000.0,0.0675675675675675,10.0,0.9414414414414416,0.054054054054054
transformer_add_rho0.02_wd0.3_tiersNone,transformer,add,False,0.02,0.3,1000,350.0,False,3500,20000,297.6009597298532,225.0,fourier_conc_final_eq,149.12864108842126,149.12864108842126,,350.0,350.0,0.0,,False,13.0,149.12864108842126,uniform>gcm>rulex,0.6428571428571429,0.8018018018018018,350.0,3250.0,0.1531531531531531,9.285714285714286,0.9054054054054054,0.09009009009009
transformer_add_rho0.02_wd0.3_tiersNone,transformer,add,False,0.02,0.3,1001,400.0,False,4000,20000,316.0189633415735,200.0,fourier_conc_final_eq,129.58772171448175,129.58772171448175,,350.0,400.0,50.0,,False,14.0,129.58772171448175,uniform>gcm>rulex,0.5,0.7342342342342343,375.0,2800.0,0.2477477477477477,7.0,0.9504504504504504,0.0495495495495495
transformer_add_rho0.02_wd0.3_tiersNone,transformer,add,False,0.02,0.3,1002,300.0,False,3000,20000,229.86280119935108,175.0,fourier_conc_final_eq,135.95056457470335,135.95056457470335,,275.0,300.0,25.0,17.320508075688775,False,72.0,135.95056457470335,gcm>rulex,0.5833333333333334,0.90990990990991,325.0,,0.0405405405405405,,0.8918918918918919,0.1081081081081081
transformer_add_rho0.05_wd0.1_tiersNone,transformer,add,False,0.05,0.1,1000,950.0,False,9500,20000,341.80344096061333,225.0,fourier_conc_final_eq,150.47159757883287,150.47159757883287,,475.0,1025.0,550.0,450.0,False,47.0,150.47159757883287,uniform>gcm>rulex,0.23684210526315788,0.4018018018018018,450.0,1775.0,0.8216216216216217,1.868421052631579,0.9981981981981982,0.0018018018018018
transformer_add_rho0.05_wd0.1_tiersNone,transformer,add,False,0.05,0.1,1001,550.0,False,5500,20000,290.6650814396785,200.0,fourier_conc_final_eq,136.86558501355805,136.86558501355805,,350.0,550.0,200.0,350.0,False,9.0,136.86558501355805,uniform>gcm>rulex,0.36363636363636365,0.5963963963963964,375.0,1950.0,0.6,3.5454545454545454,0.990990990990991,0.0036036036036036
transformer_add_rho0.05_wd0.1_tiersNone,transformer,add,False,0.05,0.1,1002,400.0,False,4000,20000,280.72810562275333,200.0,fourier_conc_final_eq,148.06091049952605,148.06091049952605,,325.0,400.0,75.0,275.0,False,26.0,148.06091049952605,gcm>rulex,0.5,0.6756756756756757,350.0,1950.0,0.4126126126126126,4.875,0.9945945945945946,0.0018018018018018
transformer_add_rho0.05_wd0.3_tiersNone,transformer,add,False,0.05,0.3,1000,575.0,False,5750,20000,322.70667329186153,225.0,fourier_conc_final_eq,149.87561819530518,149.87561819530518,,425.0,575.0,150.0,,False,63.0,149.87561819530518,uniform>gcm>rulex,0.391304347826087,0.5801801801801801,425.0,2550.0,0.5297297297297298,4.434782608695652,0.981981981981982,0.018018018018018
transformer_add_rho0.05_wd0.3_tiersNone,transformer,add,False,0.05,0.3,1001,425.0,False,4250,20000,282.64110341227985,200.0,fourier_conc_final_eq,136.00739390103794,136.00739390103794,,325.0,425.0,100.0,350.0,False,9.0,136.00739390103794,uniform>gcm>rulex,0.47058823529411764,0.6936936936936937,350.0,2475.0,0.3657657657657657,5.823529411764706,0.9711711711711712,0.027027027027027
transformer_add_rho0.05_wd0.3_tiersNone,transformer,add,False,0.05,0.3,1002,350.0,False,3500,20000,275.44236702946176,200.0,fourier_conc_final_eq,147.55553129899783,147.55553129899783,,325.0,350.0,25.0,300.0,False,26.0,147.55553129899783,gcm>rulex,0.5714285714285714,0.7549549549549549,325.0,2175.0,0.1729729729729729,6.214285714285714,0.9693693693693692,0.0306306306306306
transformer_add_rho0_wd0.1_tiersNone,transformer,add,False,0.0,0.1,1000,425.0,False,1425,20000,331.8344915527108,225.0,fourier_conc_final_eq,146.856450777546,146.856450777546,,375.0,425.0,50.0,158.11388300841895,True,29.0,146.856450777546,uniform>gcm>rule,0.5294117647058824,,,,,,,
transformer_add_rho0_wd0.1_tiersNone,transformer,add,False,0.0,0.1,1001,325.0,False,1325,20000,257.6334708311398,175.0,fourier_conc_final_eq,141.26228207522132,141.26228207522132,,300.0,325.0,25.0,,False,8.0,141.26228207522132,uniform>gcm>rule,0.5384615384615384,,,,,,,
transformer_add_rho0_wd0.1_tiersNone,transformer,add,False,0.0,0.1,1002,400.0,False,1400,20000,307.1505448012705,225.0,fourier_conc_final_eq,153.5215453070043,153.5215453070043,,350.0,400.0,50.0,907.1598625534928,False,59.0,153.5215453070043,gcm>rule,0.5625,,,,,,,
transformer_add_rho0_wd0.3_tiersNone,transformer,add,False,0.0,0.3,1000,375.0,False,1375,20000,299.4816040327054,225.0,fourier_conc_final_eq,147.0469657698218,147.0469657698218,,350.0,375.0,25.0,158.11388300841895,True,29.0,147.0469657698218,uniform>gcm>rule,0.6,,,,,,,
transformer_add_rho0_wd0.3_tiersNone,transformer,add,False,0.0,0.3,1001,300.0,False,1300,20000,253.12319902260626,175.0,fourier_conc_final_eq,140.8743221900585,140.8743221900585,,300.0,300.0,0.0,,False,8.0,140.8743221900585,uniform>gcm>rule,0.5833333333333334,,,,,,,
transformer_add_rho0_wd0.3_tiersNone,transformer,add,False,0.0,0.3,1002,375.0,False,1375,20000,296.5554714918336,225.0,fourier_conc_final_eq,152.55401528561345,152.55401528561345,,350.0,375.0,25.0,350.0,False,59.0,152.55401528561345,gcm>rule,0.6,,,,,,,
transformer_div_rho0.02_wd0.1_tiersNone,transformer,div,False,0.02,0.1,1000,825.0,False,8250,20000,427.714719494629,375.0,fourier_conc_final_eq,153.40856617776012,153.40856617776012,,625.0,825.0,200.0,,False,45.0,153.40856617776012,gcm>rulex,0.45454545454545453,0.3710407239819004,500.0,1625.0,0.8190045248868778,1.9696969696969697,0.995475113122172,0.004524886877828
transformer_div_rho0.02_wd0.1_tiersNone,transformer,div,False,0.02,0.1,1001,750.0,False,7500,20000,493.40445342652924,375.0,fourier_conc_final_eq,153.572267271855,153.572267271855,,625.0,750.0,125.0,153.572267271855,True,74.0,153.572267271855,uniform>gcm>rulex,0.5,0.3167420814479638,550.0,1750.0,0.7330316742081447,2.3333333333333335,0.990950226244344,0.0090497737556561
transformer_div_rho0.02_wd0.1_tiersNone,transformer,div,False,0.02,0.1,1002,675.0,False,6750,20000,450.90569578036553,350.0,fourier_conc_final_eq,71.73684735756804,71.73684735756804,,600.0,675.0,75.0,1538.7609145091735,False,50.0,71.73684735756804,gcm>rulex,0.5185185185185185,0.3846153846153846,475.0,1500.0,0.6470588235294118,2.2222222222222223,0.995475113122172,0.0
transformer_div_rho0_wd0.1_tiersNone,transformer,div,False,0.0,0.1,1000,625.0,False,1625,20000,360.1449600824871,300.0,fourier_conc_final_eq,144.43065488814878,144.43065488814878,,575.0,625.0,50.0,,False,1.0,144.43065488814878,uniform>gcm>rule,0.48,,,,,,,
transformer_div_rho0_wd0.1_tiersNone,transformer,div,False,0.0,0.1,1001,675.0,False,1675,20000,440.2494088729684,325.0,fourier_conc_final_eq,153.12786811360368,153.12786811360368,,650.0,675.0,25.0,,False,65.0,153.12786811360368,uniform>gcm>rule,0.48148148148148145,,,,,,,
transformer_div_rho0_wd0.1_tiersNone,transformer,div,False,0.0,0.1,1002,650.0,False,1650,20000,522.8004924086713,325.0,fourier_conc_final_eq,11.859304400167563,11.859304400167563,,625.0,650.0,25.0,,False,53.0,11.859304400167563,gcm>rule,0.5,,,,,,,
transformer_joint_rho0_wd0.3_tiersNone,transformer,add,True,0.0,0.3,1000,2600.0,False,9025,30000,2459.3126910499627,2525.0,fourier_conc_final_eq,565.6539921972101,612.5157934989011,500.0,2600.0,2600.0,0.0,,False,30.0,565.6539921972101,uniform>gcm>uniform>gcm>rule,0.9711538461538461,,,,,,,
transformer_joint_rho0_wd0.3_tiersNone,transformer,div,True,0.0,0.3,1000,8025.0,False,9025,30000,6885.443507255746,6150.0,fourier_conc_final_eq,4903.037198677792,4903.037198677792,,7725.0,8025.0,300.0,,False,10.0,4903.037198677792,uniform>gcm>rule>gcm>rule,0.7663551401869159,,,,,,,
transformer_joint_rho0_wd0.3_tiersNone,transformer,max,True,0.0,0.3,1000,175.0,False,9025,30000,6.111434114526991,1.0,linear_corr_final_eq,29.75657979231939,29.75657979231939,,800.0,175.0,-625.0,,True,,29.75657979231939,rule,0.005714285714285714,,,,,,,
transformer_joint_rho0_wd0.3_tiersNone,transformer,add,True,0.0,0.3,1001,2500.0,False,10300,30000,2385.8636696354342,2450.0,fourier_conc_final_eq,275.71427400200884,,500.0,2475.0,2500.0,25.0,,False,29.0,275.71427400200884,uniform>gcm>uniform>gcm>rule,0.98,,,,,,,
transformer_joint_rho0_wd0.3_tiersNone,transformer,div,True,0.0,0.3,1001,9300.0,False,10300,30000,8884.24752788997,25.0,fourier_conc_final_eq,6434.226097759551,6434.226097759551,,9300.0,9300.0,0.0,6935.124900806655,True,10.0,6434.226097759551,uniform>rule>gcm>rule,0.002688172043010753,,,,,,,
transformer_joint_rho0_wd0.3_tiersNone,transformer,max,True,0.0,0.3,1001,150.0,False,10300,30000,6.191994973747926,25.0,linear_corr_final_eq,34.79413773641389,34.79413773641389,,700.0,150.0,-550.0,,True,,34.79413773641389,uniform>rule,0.16666666666666666,,,,,,,
transformer_joint_rho0_wd0.3_tiersNone,transformer,add,True,0.0,0.3,1002,2700.0,False,10550,30000,2396.700828893359,2475.0,fourier_conc_final_eq,13.099333957516476,,500.0,2650.0,2700.0,50.0,,False,29.0,13.099333957516476,gcm>uniform>gcm>uniform>gcm>rule,0.9166666666666666,,,,,,,
transformer_joint_rho0_wd0.3_tiersNone,transformer,div,True,0.0,0.3,1002,9550.0,False,10550,30000,8736.653110292977,7750.0,fourier_conc_final_eq,6435.751079263956,6435.751079263956,,9450.0,9550.0,100.0,,False,14.0,6435.751079263956,gcm>uniform>gcm>rule,0.8115183246073299,,,,,,,
transformer_joint_rho0_wd0.3_tiersNone,transformer,max,True,0.0,0.3,1002,125.0,False,10550,30000,6.255695418118753,25.0,linear_corr_final_eq,30.435423234826647,30.435423234826647,,1075.0,200.0,-875.0,,True,,30.435423234826647,uniform>rule,0.2,,,,,,,
transformer_max_rho0.02_wd0.1_tiersNone,transformer,max,False,0.02,0.1,1000,50.0,False,2050,20000,5.49006174005059,1.0,linear_corr_final_eq,5.000000000000002,5.000000000000002,,225.0,50.0,-175.0,,True,,5.000000000000002,rule>rulex,0.02,0.954954954954955,75.0,,0.009009009009009,,0.8828828828828829,0.1081081081081081
transformer_max_rho0.02_wd0.1_tiersNone,transformer,max,False,0.02,0.1,1001,50.0,False,2050,20000,5.548645122104345,1.0,linear_corr_final_eq,4.999999999999999,4.999999999999999,,175.0,50.0,-125.0,,True,,4.999999999999999,rule>rulex>rule>rulex,0.02,0.9684684684684683,100.0,,0.0045045045045045,,0.8603603603603603,0.1351351351351351
transformer_max_rho0.02_wd0.1_tiersNone,transformer,max,False,0.02,0.1,1002,50.0,False,2050,20000,5.527804542224057,1.0,linear_corr_final_eq,8.492334779122467,8.492334779122467,,175.0,50.0,-125.0,,True,,8.492334779122467,rule>rulex>rule>rulex,0.02,0.963963963963964,100.0,,0.0045045045045045,,0.8648648648648649,0.1351351351351351
transformer_max_rho0_wd0.1_tiersNone,transformer,max,False,0.0,0.1,1000,50.0,False,1050,20000,5.507938591472535,1.0,linear_corr_final_eq,5.90426958594772,5.90426958594772,,175.0,50.0,-125.0,,True,,5.90426958594772,rule,0.02,,,,,,,
transformer_max_rho0_wd0.1_tiersNone,transformer,max,False,0.0,0.1,1001,50.0,False,1050,20000,5.544411800057792,1.0,linear_corr_final_eq,6.450543977799976,6.450543977799976,,200.0,50.0,-150.0,,True,,6.450543977799976,rule,0.02,,,,,,,
transformer_max_rho0_wd0.1_tiersNone,transformer,max,False,0.0,0.1,1002,50.0,False,1050,20000,5.518007159093607,1.0,linear_corr_final_eq,8.598052778391242,8.598052778391242,,175.0,50.0,-125.0,,True,,8.598052778391242,rule,0.02,,,,,,,
